WMO,CYCLE_NUMBER,Category,PRES_ADJUSTED,LATITUDE,LONGITUDE,TIME
5903887,237,1,220,70.92,-5.105,2015-12-27
6901578,15,1,500,-44.47640333333333,31.178483333333332,2015-05-24
6901578,269,1,420,-45.209165,94.76575833333334,2018-01-16
6901578,209,1,340,-50.66979666666667,92.52836166666668,2017-05-18
6901578,258,1,580,-46.003303333333335,95.273265,2017-12-25
6901578,334,1,340,-51.598933333333335,133.33536666666666,2018-11-07
6901578,328,1,660,-49.554161666666666,131.35923833333334,2018-10-20
6901578,329,1,500,-50.446178333333336,131.35822166666668,2018-10-23
6901578,207,1,300,-51.846655,92.27826,2017-04-28
6901578,264,1,300,-45.36499166666667,95.08528,2018-01-06
6901578,127,1,620,-44.102955,59.34970166666667,2016-09-29
6901578,48,0,420,-43.338121666666666,37.70024,2015-10-27
6901578,249,1,580,-47.72405166666667,94.44030333333332,2017-12-07
6901578,276,1,300,-45.57874,95.10571833333331,2018-01-30
6901578,14,1,500,-44.511968333333336,31.21238333333333,2015-05-23
6901578,325,1,500,-49.630968333333335,128.63244,2018-10-11
6901578,357,1,460,-50.01811,138.96578,2018-12-31
6901484,36,1,260,60.63013,-40.14064833333333,2013-12-06
6901484,12,1,340,64.058465,-30.679856666666662,2013-07-04
6901484,5,1,260,63.25254833333333,-30.508623333333333,2013-06-21
6901484,24,1,340,64.331815,-33.24914666666667,2013-09-02
6901765,191,1,420,35.934553333333334,21.52052,2018-06-11
6901765,133,1,540,35.61259666666667,22.20278,2017-05-01
3901497,191,0,820,-33.89766,-13.319765,2017-01-09
5904980,93,2,740,-57.790294406631446,-30.709637697149446,2019-07-26
5904980,67,1,700,-58.27,-57.578,2018-11-03
5904980,106,0,260,-53.931,-31.546,2019-12-04
5904980,70,2,300,-58.871,-52.588,2018-12-04
6902549,27,0,300,72.283,1.059,2015-03-12
6902549,46,0,300,68.687,-6.958,2015-06-15
6902549,18,1,220,72.706,4.11,2015-01-12
6902549,35,1,860,70.948,-4.317,2015-04-21
6902549,43,1,340,69.053,-7.054,2015-05-31
6902549,39,1,340,70.782,-5.22,2015-05-11
6902549,179,1,260,68.699,0.793,2017-04-10
6902549,42,1,300,69.361,-7.249,2015-05-26
6902549,187,1,260,68.491,2.364,2017-05-20
6902549,37,1,420,70.719,-4.597,2015-05-01
6902549,237,1,740,70.341,-1.575,2018-02-07
6902549,38,1,380,70.784,-5.031,2015-05-06
5906032,79,0,420,-45.846,77.471,2021-07-02
5906032,88,1,260,-49.87,88.226,2021-10-01
5906032,110,0,380,-47.74,98.3,2022-05-11
5905982,117,1,300,-40.382,-44.311,2021-12-30
5905982,115,1,260,-39.948,-45.922,2021-12-10
5905982,70,1,900,-35.355,-47.087,2020-09-13
5905982,119,1,220,-41.633,-44.884,2022-01-19
4903365,8,0,340,58.946,-42.553,2021-10-22
4903365,96,0,580,55.1965,-39.4884,2024-03-20
4903365,2,0,380,59.774,-39.151,2021-08-23
4903365,98,1,300,55.2417,-39.83,2024-04-09
4903365,85,1,460,54.9045,-37.4077,2023-12-01
4903365,49,0,460,57.369,-40.643,2022-12-06
4903365,38,1,260,58.506,-42.254,2022-08-18
4903365,100,0,220,55.3347,-39.2875,2024-04-29
4903365,3,0,340,59.327,-40.424,2021-09-02
4903365,39,0,340,58.415,-42.676,2022-08-28
4903365,51,1,380,57.089,-40.769,2022-12-26
4903365,44,0,620,58.731,-41.305,2022-10-17
4903365,13,1,300,57.894,-41.765,2021-12-11
4903365,111,1,260,56.859,-38.2839,2024-08-17
4903365,25,1,580,61.006,-38.692,2022-04-10
4903365,26,1,500,61.477,-37.075,2022-04-20
4903365,15,1,460,58.357,-39.738,2021-12-31
4903365,77,1,260,55.7492,-39.9908,2023-09-12
4903365,45,1,420,58.426,-40.751,2022-10-27
4903365,75,0,300,56.0949,-39.0377,2023-08-23
4903365,83,1,660,54.9692,-38.3282,2023-11-11
4903365,99,1,220,55.372,-39.49,2024-04-19
4903365,16,1,220,57.575,-39.993,2022-01-10
6901775,58,1,220,35.02535833333334,23.296881666666668,2019-03-23
6901775,248,1,220,37.167168333333336,19.189656666666668,2022-04-14
6901775,96,1,340,36.669115,21.73952166666667,2019-11-08
6901775,74,1,340,36.354306666666666,21.997756666666668,2019-07-05
6903549,37,1,500,67.00420166666666,-4.970251666666667,2019-11-11
5906043,8,1,300,4.572,-139.24,2019-10-22
5906043,7,1,300,4.52,-139.277,2019-10-19
5905371,92,0,300,-55.186,-164.194,2020-07-28
5905371,109,1,500,-55.69,-142.852,2021-01-15
5905371,126,1,380,-54.841,-129.93,2021-07-05
5905371,134,1,540,-54.877,-115.371,2021-09-24
5905371,122,1,940,-55.415,-137.31,2021-05-26
5905371,44,1,220,-55.696,152.863,2019-04-02
5905371,42,1,260,-53.661,151.036,2019-03-12
5905371,47,1,660,-55.894,156.934,2019-05-02
5905371,73,1,300,-56.502,-171.151,2020-01-19
5905371,68,2,340,-57.516,-175.468,2019-11-29
5905371,74,1,380,-56.05,-170.369,2020-01-29
5905371,127,1,220,-55.434,-127.405,2021-07-15
5905371,128,1,340,-56.536,-125.408,2021-07-25
5906545,10,0,220,-49.02,-163.588,2023-03-06
5905991,82,0,500,-58.175,-30.786,2021-04-18
5906636,108,0,940,-45.364198333333334,145.02657833333333,2023-12-03
5906636,10,1,500,-34.892783333333334,155.20843499999998,2021-05-26
5906636,116,1,260,-45.91162833333333,145.632425,2024-02-21
5906206,104,1,420,-49.07,128.404,2022-12-06
5906206,83,1,380,-47.536,105.028,2022-05-04
5906206,118,1,380,-44.639,144.216,2023-04-29
2903465,39,0,300,-4.8295,86.934,2024-06-24
2903465,42,1,260,-4.5784,87.5534,2024-07-24
2903465,1,0,300,-5.0764,86.6602,2023-07-06
5904676,139,1,220,-55.97,164.213,2020-03-14
5904676,22,1,420,-50.423,93.422,2016-09-04
5904676,5,1,380,-50.532,84.409,2016-03-01
5904676,141,0,300,-56.965,165.342,2020-04-05
5904676,58,1,300,-49.258,110.486,2017-10-05
5904676,24,1,340,-51.637,95.297,2016-09-26
5904676,23,1,220,-51.032,94.533,2016-09-15
5904676,35,1,260,-52.341,101.588,2017-01-25
6901512,134,1,220,41.93354,3.887455,2014-04-01
6901512,128,1,220,42.31775,4.473475,2014-03-14
6901512,138,1,540,41.72613333333334,3.71392,2014-04-13
6901512,104,1,220,42.35972833333334,4.976466666666667,2014-01-01
6901512,129,1,260,42.269055,4.3630933333333335,2014-03-17
6901512,137,1,300,41.77940666666667,3.754715,2014-04-10
5904678,132,1,380,-55.531,173.095,2019-09-23
5904678,29,1,500,-47.622,157.776,2016-11-21
5904678,127,1,860,-52.436,154.823,2019-08-04
5904678,36,1,260,-47.202,159.517,2017-01-30
5904678,122,1,940,-52.214,149.562,2019-06-14
5906552,9,1,500,-54.3405,-127.0897,2023-03-17
5906552,16,1,460,-51.0217,-120.7287,2023-05-28
5906552,61,1,860,-53.3338,-104.1252,2024-09-03
5906552,14,1,900,-51.0563,-122.8526,2023-05-08
6901767,179,1,260,40.658606666666664,10.362181666666666,2018-01-08
2903473,2,1,420,-46.0994,-28.5955,2023-10-12
5906317,101,1,300,-62.758,-100.965,2023-10-30
5906317,25,1,340,-58.361,-126.438,2021-09-24
5906317,63,1,300,-61.382,-116.914,2022-10-11
5906317,35,1,540,-58.389,-123.18,2022-01-03
5906317,62,1,300,-61.96,-116.705,2022-10-01
5906317,28,1,500,-59.178,-123.546,2021-10-24
5906317,97,1,300,-62.154,-99.34,2023-09-20
5906317,108,1,260,-63.002,-98.088,2024-01-10
5906317,77,1,300,-59.551,-109.483,2023-03-02
5906317,33,1,220,-58.449,-124.676,2021-12-14
5906317,41,1,420,-60.003,-119.857,2022-03-04
5906317,81,1,420,-60.302,-106.508,2023-04-11
5906317,76,1,340,-60.186,-109.579,2023-02-20
5906317,21,1,260,-58.621,-129.919,2021-08-15
5906317,127,1,260,-60.775,-80.324,2024-07-20
5906317,24,1,420,-57.892,-127.024,2021-09-14
5906317,29,1,340,-58.758,-122.267,2021-11-03
5906317,26,1,420,-59.125,-125.866,2021-10-04
5906317,121,1,260,-61.029,-88.491,2024-05-20
5905070,47,1,380,-50.894,102.009,2018-04-22
5905070,52,1,380,-50.212,103.836,2018-06-12
5905377,66,1,260,-61.401,175.58,2019-11-23
5905377,144,1,500,-53.452,-143.22,2022-01-17
5905377,138,1,340,-55.802,-154.072,2021-11-18
5905377,141,1,220,-54.817,-148.829,2021-12-18
5905377,147,1,460,-52.597,-141.969,2022-02-17
5905377,140,1,460,-55.341,-150.507,2021-12-08
5905377,134,1,300,-57.612,-154.987,2021-10-08
5905377,136,1,260,-56.901,-154.276,2021-10-28
5905377,142,1,340,-55.224,-144.602,2021-12-28
5903718,136,1,540,-58.472,-125.877,2014-02-04
5903718,135,1,660,-58.233,-125.393,2014-01-30
5903718,160,1,300,-59.794,-110.555,2014-06-09
5903718,33,0,220,-50.051,-162.07,2012-08-18
5903718,106,1,420,-52.694,-144.165,2013-09-01
5903718,114,1,220,-52.662,-139.301,2013-10-13
5903718,172,1,300,-60.415316848391086,-108.18477273065974,2014-08-10
5903718,139,1,380,-58.186,-123.27,2014-02-20
5903718,108,1,460,-52.085,-143.544,2013-09-12
5903718,141,1,220,-57.893,-121.417,2014-03-02
5906972,53,1,740,-16.664179121890918,42.719695124046765,2024-01-19
6902739,236,1,420,-51.11700333333334,83.62843833333334,2018-08-31
6902739,238,1,220,-52.44311833333333,82.68913333333333,2018-09-08
4903757,9,1,380,-61.3602,-98.7097,2024-07-17
5906303,49,1,500,3.616,178.395,2022-01-09
5906562,33,1,260,-52.1693,-44.7839,2023-12-14
5906562,17,1,300,-59.1764,-66.4347,2023-07-02
5906562,59,1,260,-47.4806,-23.3039,2024-09-08
5906562,19,1,860,-55.2137,-61.0707,2023-07-23
5906562,16,1,460,-58.3507,-69.3182,2023-06-22
5906562,23,1,220,-55.1014,-51.2612,2023-09-02
6902905,358,1,260,-49.276055,134.94604166666667,2021-08-18
6902905,201,1,300,-47.42655,83.02862,2020-10-08
6902905,219,1,540,-46.03923833333333,87.653125,2020-11-13
6902905,232,1,220,-45.34378666666667,90.21115333333331,2020-12-09
6902905,199,1,740,-47.16245333333333,82.76920666666666,2020-10-04
6902905,398,1,660,-46.762391666666666,134.78122666666667,2021-11-06
6902905,234,1,660,-45.0377,90.20152833333331,2020-12-13
6902905,235,1,220,-44.79725166666667,90.26187,2020-12-15
6902905,410,1,660,-46.81567833333333,133.611315,2021-11-30
6902905,233,1,580,-45.242558333333335,90.220655,2020-12-11
6902905,267,1,820,-44.316143333333336,96.38441333333331,2021-02-17
5906000,87,1,380,-61.876,85.48,2021-05-11
5906000,84,1,460,-63.42,85.135,2021-04-11
5906000,65,1,420,-64.097,90.084,2020-10-02
5905368,79,1,220,-52.825,83.82,2020-03-17
5905368,74,1,260,-50.591,84.751,2020-01-26
6901764,172,1,380,32.972658333333335,26.795871666666667,2018-02-15
6901764,173,1,380,32.91789166666667,27.009148333333332,2018-02-22
6901764,128,1,260,34.67957833333333,29.049651666666666,2017-04-13
6901764,171,1,220,32.987695,27.02487,2018-02-08
6903569,31,1,220,68.00735,-4.11705,2020-10-19
6903569,161,1,220,68.54372,-3.83343,2022-04-25
5906440,76,1,300,39.598,-47.781,2023-04-19
5906440,116,1,420,45.983,-36.946,2024-05-23
5906212,10,1,260,-59.509,-88.697,2020-03-12
5906212,3,0,260,-59.577,-90.715,2019-12-31
5906212,1,0,220,-60.16,-89.026,2019-12-10
5906212,2,0,340,-60.681,-89.666,2019-12-21
5906212,15,0,340,-59.033,-89.883,2020-05-02
5906212,24,0,380,-59.185,-84.132,2020-08-03
5906526,8,1,380,-48.77,45.782,2022-07-21
5906526,70,0,980,-44.266,76.816,2024-04-24
5906526,69,1,980,-45.468,75.402,2024-04-14
5904396,39,1,500,-52.47,-132.5,2014-11-01
5904396,7,0,300,-54.932,-146.336,2014-05-14
5904396,12,1,540,-53.956,-140.699,2014-06-09
5904396,89,1,380,-51.168,-121.034,2015-09-27
5904396,10,2,260,-54.006,-141.835,2014-05-30
5904396,52,1,540,-51.837,-129.582,2015-01-10
5904396,4,1,420,-54.618,-149.732,2014-04-28
5904396,5,1,420,-54.087,-148.271,2014-05-03
5904396,22,1,380,-54.968,-137.594,2014-08-02
5906508,14,1,300,-55.424,129.385,2022-06-26
4903488,45,1,380,53.6923,-18.5425,2024-07-15
5905099,78,1,260,-57.199,-132.633,2019-05-31
5905099,98,1,380,-56.751,-127.671,2019-12-18
5905099,28,1,300,-60.703,-168.673,2018-01-13
5905099,86,1,220,-57.826,-128.819,2019-08-20
5905099,21,0,300,-60.646,-173.581,2017-11-04
5905099,89,1,300,-56.212,-130.679,2019-09-19
5905099,93,1,300,-56.451,-131.773,2019-10-29
6902735,250,1,340,-53.800095,89.38171833333334,2018-10-10
6902735,270,1,460,-55.077526666666664,93.26912,2018-11-19
6902735,249,1,380,-53.78051,89.09523333333334,2018-10-08
6902735,271,1,340,-55.316315,93.27426166666666,2018-11-21
6902735,312,1,380,-54.98572,93.43389,2019-02-11
6990505,61,1,300,-10.628600666666667,48.7539695,2024-05-13
6990505,62,1,940,-11.1674755,47.20078483333334,2024-05-22
6990505,37,1,300,-14.285089,51.65615016666667,2023-09-24
5903593,245,1,500,-48.766,141.162,2015-09-05
5903593,250,1,460,-51.27324383880471,141.60660744406246,2015-10-02
5903593,184,1,420,-47.154,110.018,2014-10-22
5906036,9,1,500,-36.623,25.238,2019-07-28
5905130,19,1,660,-32.218,12.335,2018-03-10
5905501,32,1,820,-44.68569333333333,150.13835333333333,2022-05-06
5905501,67,1,380,-46.09426833333334,151.49968833333332,2022-06-27
5905501,26,1,220,-44.872385,150.3057816666667,2022-04-27
5905501,74,1,420,-46.40353333333333,152.2926,2022-07-08
5905501,63,1,380,-45.581990000000005,151.71156166666665,2022-06-21
6901528,68,1,220,33.658195,28.674156666666665,2014-01-30
7900585,13,1,260,50.30645,-37.96056,2021-08-24
7900585,74,1,460,51.05154,-39.6321,2021-12-24
7900585,157,1,500,57.28773,-22.60493,2023-01-21
7900585,4,1,300,49.63913,-38.42104,2021-08-06
7900585,65,1,380,50.53726,-38.91712,2021-12-06
7900585,140,1,220,53.80252,-28.23025,2022-10-27
7900585,175,1,220,57.64628,-23.44324,2023-04-21
7900585,152,1,460,55.95427,-25.75645,2022-12-26
7900585,104,1,260,51.03337,-35.26421,2022-04-30
7900585,133,1,340,52.74017,-26.68044,2022-09-22
7900585,197,1,420,57.70476,-27.2762,2023-08-09
7900585,179,1,300,58.03078,-24.8894,2023-05-11
7900585,105,1,340,51.24893,-35.25853,2022-05-05
7900585,112,1,260,51.58376,-32.69939,2022-06-09
7900585,128,1,300,52.27456,-28.2222,2022-08-28
7900585,123,1,300,52.2826,-30.87551,2022-08-03
7900585,147,1,260,54.86886,-27.14467,2022-12-01
7900585,110,1,300,51.57974,-33.55576,2022-05-30
7900585,228,1,260,57.48507,-28.76136,2024-01-11
7900585,111,1,260,51.5812,-33.10809,2022-06-04
7900585,106,1,260,51.37506,-35.27306,2022-05-10
7900585,193,1,300,57.87187,-27.14308,2023-07-20
7900585,126,1,340,52.56913,-29.29093,2022-08-18
7900585,219,0,340,57.35944,-29.3184,2023-11-27
7900585,220,1,380,57.47752,-29.36764,2023-12-02
7900585,73,1,500,51.04134210127644,-39.578172273706905,2021-12-22
7900585,226,1,460,57.70922,-28.62483,2024-01-01
7900585,207,1,220,57.75018,-28.54634,2023-09-28
7900585,76,0,420,50.93481,-39.57455,2021-12-28
7900585,210,1,540,57.75175,-28.30378,2023-10-13
7900585,192,1,300,57.93477,-27.16426,2023-07-15
7900585,94,1,220,50.03954,-36.20948,2022-03-11
7900585,109,1,300,51.5246,-34.02639,2022-05-25
7900585,181,1,260,57.68709,-25.08629,2023-05-21
7900585,205,1,260,57.5444,-28.11353,2023-09-18
7900585,82,0,220,49.93506,-38.99941,2022-01-10
5906501,21,1,460,-41.549,39.751,2022-09-27
5906501,15,1,340,-37.653,34.353,2022-07-27
6901523,97,0,620,61.93213,-32.47464,2014-08-29
6901523,73,1,220,60.70574666666667,-37.29098166666667,2014-05-01
6901523,131,1,460,62.227358333333335,-38.66849166666667,2015-04-08
6901523,116,1,580,62.382178333333336,-31.050911666666668,2015-01-31
6901523,117,1,380,62.601906666666665,-31.314693333333334,2015-02-05
6901523,26,0,220,58.116611666666664,-50.564523333333334,2013-07-05
5906553,40,1,380,-59.9556,-102.4712,2024-02-05
5906553,33,0,340,-57.8194,-112.4787,2023-11-25
5906553,51,1,620,-57.8794,-89.0282,2024-05-29
5906553,35,1,420,-58.3682,-108.5241,2023-12-15
5906553,59,1,300,-59.6164,-87.5572,2024-08-19
7900589,108,1,340,52.84921,-45.71317,2022-07-06
5905638,174,1,980,-65.583,149.781,2022-12-22
5905134,121,1,740,-33.437,7.719,2021-01-09
5905134,132,1,860,-31.204,6.289,2021-04-30
5906208,45,1,540,-43.535,70.96,2021-04-03
5906208,40,1,860,-45.244,66.407,2021-02-11
1902602,61,1,500,68.14627833333333,-5.254796666666667,2024-03-15
5904982,19,1,420,-51.826,-51.696,2017-06-28
5904982,24,1,300,-48.272,-54.37,2017-08-17
4903485,51,1,660,26.8322,-16.9931,2024-08-31
6904118,89,1,620,-43.6827,32.26644,2023-05-23
6904118,10,1,420,-32.2401,15.27742,2021-11-25
6904118,87,1,340,-43.7099,30.92722,2023-05-09
6904118,77,1,220,-43.38398,26.56307,2023-03-01
6904118,98,1,620,-42.22198,35.65449,2023-07-24
6904118,99,1,420,-42.20137,36.20726,2023-07-31
6904118,128,0,980,-38.92516,44.8217,2024-02-15
6904118,59,1,500,-39.96805,28.36712,2022-10-28
6904118,62,1,260,-41.03551,30.44906,2022-11-18
6904118,51,1,980,-39.0857,23.52727,2022-09-03
6904118,124,0,660,-39.80564,42.41139,2024-01-19
5906507,197,1,300,37.232,-125.0804,2024-07-08
5906507,153,2,380,36.4541,-125.4926,2023-11-18
5906312,24,1,540,-58.8566,-50.6406,2023-07-07
5906312,39,1,380,-57.1253,-46.1876,2023-12-09
5906312,32,1,700,-59.5158,-48.0653,2023-09-28
5906312,26,1,540,-59.5644,-50.015,2023-07-28
5906312,44,1,420,-56.5338,-41.9683,2024-01-29
5906312,35,1,260,-58.8069,-48.5585,2023-10-29
5906312,48,2,660,-55.6077,-41.9895,2024-03-10
6903273,202,3,220,65.763,0.455,2021-01-12
6903273,88,1,220,64.371,-2.503,2017-10-24
6903273,85,1,220,64.602,-2.927,2017-09-23
6903273,90,1,260,63.98,-3.124,2017-11-15
6903273,121,1,220,65.852,1.91,2018-10-02
6903273,84,1,220,64.711,-3.021,2017-09-13
6903273,86,0,300,64.475,-2.192,2017-10-03
6903273,89,1,220,64.1,-2.659,2017-11-04
6903273,92,1,260,64.169,-2.45,2017-12-06
6903273,219,2,380,68.542,2.702,2021-07-09
5904105,23,1,300,-64.855,149.358,2013-06-24
5904105,31,1,340,-64.762,148.351,2013-08-04
5904105,20,1,340,-64.89,149.735,2013-06-09
5904105,99,1,220,-65.283,149.312,2014-10-08
5905373,131,0,260,-52.519,-155.086,2021-08-28
5905373,135,1,380,-54.155,-152.629,2021-10-07
5905373,130,1,300,-52.621,-157.206,2021-08-18
5905373,64,1,260,-60.198,170.956,2019-10-23
5905373,139,1,300,-54.43,-151.045,2021-11-17
5905376,29,1,460,-58.245,176.281,2018-10-31
5905376,74,1,500,-52.367,-171.881,2020-01-26
5905376,18,2,420,-57.703,168.763,2018-07-12
1902457,14,0,220,7.3343,67.4861,2023-10-11
6901004,110,1,620,-46.55067,116.96012,2016-01-01
6901004,331,1,300,-61.727285,174.04266166666667,2017-12-05
6901004,168,0,220,-53.33117,152.24762666666666,2016-08-28
6901004,128,1,540,-48.280591666666666,126.32830833333334,2016-03-07
6901004,245,1,420,-59.432808333333334,163.60920333333334,2017-02-21
6901004,200,1,260,-55.368408333333335,161.65389166666668,2016-11-23
6901004,224,1,380,-57.31872833333333,164.37534,2017-01-10
6901004,133,1,540,-48.355061666666664,131.38793,2016-03-27
6901004,184,1,500,-56.531605,155.52907833333333,2016-10-22
6901004,333,1,420,-61.864873333333335,173.75503,2017-12-09
6901004,190,1,420,-55.396345,160.18601666666666,2016-11-03
6901004,260,1,260,-59.48004,166.363805,2017-04-14
6901004,111,1,620,-46.55786833333333,117.02034833333332,2016-01-03
6901521,27,1,260,59.114531666666664,-50.463435,2013-07-10
5906500,20,1,340,-36.486,28.771,2022-09-19
5904660,27,1,420,-57.853,-47.933,2016-10-03
5904660,28,1,420,-58.75,-47.48,2016-10-13
5904660,60,1,540,-56.028,-39.787,2017-09-11
5904660,74,1,740,-54.111,-41.158,2018-02-02
5906314,53,1,260,-61.0729,-93.3478,2024-05-12
5906314,65,1,380,-61.4033,-78.9492,2024-09-12
5906314,32,1,300,-59.737,-95.1947,2023-10-08
5906314,62,1,340,-61.1904,-81.1444,2024-08-13
5906314,31,1,260,-59.0594,-96.888,2023-09-28
5906314,5,1,260,-62.655,-103.433,2023-01-03
5906314,25,1,260,-60.979,-96.6814,2023-07-28
5906524,10,1,500,-43.123,31.588,2022-08-20
6901486,235,1,380,59.990233333333336,-54.057075,2016-02-14
6901486,7,1,300,63.177191666666666,-30.716036666666668,2013-06-23
6901486,247,1,580,58.548741666666665,-51.08840166666667,2016-04-08
6901486,307,1,380,58.965961666666665,-53.81767833333333,2017-01-31
6901486,115,1,420,56.204195,-49.657363333333336,2015-02-21
6901486,327,1,300,56.490813333333335,-53.778135,2017-04-28
6901486,255,1,580,59.49478,-50.15504166666667,2016-05-02
6901486,128,1,220,58.615898333333334,-54.18498666666667,2015-04-15
6901768,206,1,380,37.08042833333333,16.023803333333333,2018-05-19
6901583,198,1,340,-47.059668333333335,102.00996333333332,2017-10-07
6901583,190,1,220,-47.546751666666665,98.52666333333332,2017-09-01
6901583,123,1,340,-49.359625,85.21009166666667,2016-11-25
6901583,103,1,220,-44.07412333333333,75.71368333333334,2016-09-22
6901583,160,1,580,-47.769245,91.40935333333331,2017-02-21
6901583,159,1,540,-47.89245833333333,91.54891333333332,2017-02-19
6902733,60,1,460,42.48829833333333,8.34903,2017-05-19
6901582,142,1,220,-40.69706333333333,11.178436666666666,2016-10-20
6901582,184,0,340,-38.55023833333333,10.425263333333334,2017-01-28
5904677,8,2,380,-51.257,147.741,2016-05-07
5904677,27,1,300,-58.08,167.212,2016-11-15
5904677,23,0,260,-55.65,158.622,2016-10-05
5904677,25,1,380,-55.7,163.128,2016-10-25
5904471,103,1,340,-64.838,6.405,2017-11-07
5904763,24,1,540,-51.91,-143.575,2017-01-10
5904763,11,1,420,-50.733,-159.67,2016-08-30
5904856,43,1,820,-59,-47.148,2018-02-26
5904856,32,1,300,-58.686,-51.582,2017-11-08
5904856,46,1,900,-58.797,-42.27,2018-03-28
5905374,22,1,740,-64.11883325787888,138.66268696852586,2018-08-29
5906511,61,0,380,37.144,161.622,2024-01-19
5906511,35,1,460,36.3033,162.0138,2023-04-24
5906511,19,1,340,36.424,142.025,2022-11-10
5906511,18,1,420,35.979,141.904,2022-10-31
5906511,73,0,420,33.8608,163.1172,2024-05-22
5906443,10,1,300,-51.4078,155.8356,2023-04-12
5906443,12,1,460,-53.2754,156.8843,2023-05-02
5904765,17,1,260,-45.237,-172.409,2016-11-13
5904765,91,0,220,-46.21,-169.871,2018-12-16
2903867,6,2,220,-64.4299,143.8481,2024-03-17
5906030,145,1,500,-47.625,92.689,2023-03-10
5906030,144,1,420,-48.292,92.563,2023-02-28
5906030,143,1,340,-48.964,91.003,2023-02-17
5906030,148,1,380,-46.115,92.405,2023-04-10
5906030,131,1,340,-47.888,76.466,2022-10-16
6901519,116,1,780,59.52353333333333,-34.039471666666664,2014-04-26
6901519,30,1,620,62.76332769138773,-21.831868741136475,2013-05-25
6901519,134,1,620,59.38108166666667,-31.636288333333333,2014-07-25
6901519,124,2,420,59.358716666666666,-33.32984,2014-06-05
6901519,109,1,500,58.1253,-34.02452666666667,2014-03-22
6901519,164,1,340,62.04933833333333,-39.021226666666664,2015-02-20
6901519,128,2,500,59.06693666666666,-32.58960666666667,2014-06-25
6901519,114,1,700,59.07232833333333,-33.888218333333334,2014-04-16
6901519,117,2,820,59.52795666666667,-34.05856333333333,2014-05-01
6901519,108,1,460,58.240741666666665,-34.19541666666667,2014-03-17
6901585,65,1,420,-52.458605,33.12251,2015-11-14
5906542,2,1,220,-55.133,-140.935,2022-12-09
5906542,12,1,540,-53.425,-133.0439,2023-03-23
5906542,16,1,380,-57.758,-123.836,2023-05-04
5906542,57,1,380,-60.1433,-104.7587,2024-07-03
5906542,11,1,340,-53.6902,-136.3698,2023-03-13
5906542,17,1,340,-58.2957,-123.9725,2023-05-14
5906542,41,1,260,-60.3567,-114.4756,2024-01-19
5906542,15,1,260,-57.2233,-123.7094,2023-04-23
5906542,1,0,460,-54.64,-141.814,2022-11-28
5904845,79,1,340,-49.603,-29.727,2019-03-15
5904845,29,2,460,-56.461,-71.741,2017-10-29
5904845,1,0,420,-59.147,-102.937,2017-01-20
5904684,136,2,260,-63.209,131.977,2020-03-22
6904113,14,0,220,56.9446,-48.98669,2021-09-13
6904113,36,0,380,56.1147152859357,-46.26020897153941,2021-10-28
2903455,18,2,260,-56.8453,-130.0613,2023-12-03
2903455,38,2,420,-55.1823,-120.5655,2024-06-26
5904474,131,1,460,-37.467,32.628,2018-02-09
5904474,133,2,300,-39.135,33.325,2018-03-01
5903612,69,1,260,-43.602,13.415,2013-02-13
6901688,77,1,260,-47.71046,39.628303333333335,2015-12-20
6901515,69,0,420,64.61372166666666,-28.796975,2014-01-16
6901515,10,1,540,62.60169,-20.756413333333334,2013-04-28
5904679,14,1,420,-54.299,84.701,2016-06-01
5904679,8,1,300,-48.899,82.369,2016-03-31
5904682,144,1,220,-61.569,173.751,2020-03-21
5904682,126,0,220,-57.17,166.763,2019-09-17
5904682,131,2,300,-59.011,173.487,2019-11-08
5904682,2,1,460,-50.834,90.499,2016-03-12
5904682,125,1,220,-55.416,164.442,2019-09-06
5904682,4,1,340,-49.55,90.482,2016-04-02
5904682,129,0,380,-59.206,168.592,2019-10-18
6902904,138,1,340,35.139026666666666,27.724785,2020-03-17
6902904,122,1,220,35.764541666666666,28.220336666666668,2020-02-07
6902904,37,1,220,35.488665,28.933911666666667,2019-03-13
6902904,41,1,220,35.600946666666665,29.12082,2019-03-25
6902904,28,1,220,35.204793333333335,28.82955,2019-02-14
6902904,124,1,300,35.71095666666667,28.094865,2020-02-13
6902904,31,2,220,35.31964166666667,28.999815,2019-02-23
6902904,121,1,260,35.79562333333333,28.313776666666666,2020-02-04
5906305,143,2,500,-30.5473,-80.0311,2024-09-15
5904686,27,3,340,-51.115,98.089,2016-11-12
5904686,28,1,380,-50.59,98.673,2016-11-22
5904686,22,1,300,-51.215,92.988,2016-09-23
5904686,24,1,220,-50.715,94.333,2016-10-13
5904686,20,1,300,-50.866,93.467,2016-09-03
5904686,26,1,260,-51.608,97.09,2016-11-02
5904661,32,1,260,-53.579,-54.611,2016-11-14
5904661,135,2,380,-45.223,-30.089,2019-10-15
5904661,56,1,460,-46.513,-52.409,2017-07-21
5904661,55,1,460,-45.175,-51.666,2017-07-10
6902668,4,1,380,69.32998500000001,-60.20148600000001,2016-07-12
6902668,97,1,380,70.8523765,-61.95144933333333,2016-10-27
6902668,90,0,300,70.1932645,-61.60814716666667,2016-10-06
5906315,23,1,500,-50.618,-138.103,2021-08-26
5906315,22,1,500,-51.501,-139.899,2021-08-16
5906315,24,1,540,-50.065,-138.418,2021-09-05
4903532,17,1,220,61.1369,-24.8111,2023-10-13
4903532,42,0,420,57.7364,-32.6051,2024-06-17
2903864,19,1,300,-47.011,111.1552,2024-09-22
6902953,13,1,260,68.21651310235727,-60.57472317366952,2019-06-07
6902953,27,0,340,67.98745466666666,-60.263159333333334,2019-07-27
6902953,24,0,260,67.9234905,-60.08378066666668,2019-07-24
6902828,206,1,300,35.25205727198817,20.607594278713393,2017-07-27
5904683,8,1,380,-46.32,95.908,2016-05-15
5904683,133,1,260,-52.757,-145.167,2019-11-28
5904683,18,1,460,-46.461,103.133,2016-08-26
5904683,49,1,260,-50.728,133.281,2017-07-13
5904683,51,1,220,-51.146,136.094,2017-08-03
5904683,143,2,420,-57.697,-125.372,2020-03-11
5904683,166,1,740,-50.059,-117.643,2020-11-03
5904683,38,1,460,-49.664,120.633,2017-03-21
5904683,127,2,420,-52.676,-158.315,2019-09-27
5904683,142,1,300,-58.21,-124.893,2020-02-29
5904104,152,1,340,-60.865,166.213,2015-10-25
7901001,15,4,260,16.523053333333333,-23.800818333333332,2022-03-31
1902304,120,1,380,49.2052,-18.5926,2023-03-08
1902304,112,1,540,51.661,-17.449,2022-12-17
1902304,150,1,220,54.2612,-16.1974,2024-01-09
1902304,172,1,580,60.5847,-19.7548,2024-08-18
5905072,31,1,260,-50.313,94.127,2017-10-04
5905072,84,1,380,-53.014,149.19,2019-02-28
5905072,72,1,500,-48.969,134.977,2018-11-10
5905072,99,1,260,-56.596,169.345,2019-07-27
5905072,107,1,420,-54.658,172.278,2019-09-18
5905072,43,2,260,-46.909,96.632,2018-02-01
5905072,34,1,220,-49.654,92.897,2017-11-03
5905072,28,1,980,-49.589,90.274,2017-09-04
5905072,29,1,260,-50.273,92.537,2017-09-14
5905072,69,1,260,-50.809,131.512,2018-10-11
5905072,123,1,420,-57.998,-175.984,2020-02-06
5905072,41,1,380,-47.67,96.602,2018-01-12
5905103,138,1,300,-56.173,-154.378,2021-11-21
5905103,142,2,260,-56.176,-152.433,2021-12-31
5905103,156,1,380,-56.951,-136.254,2022-05-21
5905103,140,1,380,-56.091,-152.428,2021-12-11
5905103,62,1,340,-57.647,164.708,2019-10-20
5905103,155,1,340,-56.705,-141.376,2022-05-11
5905103,76,1,380,-58.559,177.812,2020-03-09
5905103,152,2,300,-55.279,-148.033,2022-04-11
5905103,157,1,260,-55.748,-133.59,2022-05-31
5905103,73,1,380,-59.154,169.294,2020-02-08
5905103,151,1,420,-54.781,-148.115,2022-04-01
5905103,137,1,260,-56.86,-153.62,2021-11-11
5905103,86,1,300,-59.111,176.503,2020-06-17
5905103,72,3,220,-58.357,166.596,2020-01-29
5904476,36,0,580,-47.89,29.18,2015-11-24
1902453,41,1,420,-1.3469,75.5431,2024-07-05
1902453,9,1,300,-1.2002,63.3391,2023-08-20
1902453,29,2,580,-0.2914,66.9181,2024-03-07
1902453,14,2,460,-1.2552,68.5718,2023-10-09
1902453,3,1,380,-0.8311,64.5613,2023-06-21
5905378,9,1,420,-64.655,145.438,2018-05-03
5905378,8,1,340,-64.553,143.715,2018-04-23
6901770,65,1,300,34.094921666666664,26.031583333333337,2016-03-12
6901770,131,1,260,34.295588333333335,27.722716666666667,2017-04-18
5906035,145,0,300,-44.2567,86.1892,2023-04-22
5906035,78,1,740,-40.978,36.04,2021-06-19
5906035,127,2,500,-45.076,71.841,2022-10-23
5906035,49,2,860,-37.787,29.846,2020-09-01
5906035,83,2,700,-39.79,38.904,2021-08-08
5906035,51,1,380,-35.717,30.008,2020-09-21
5906035,142,2,300,-45.704,86.9833,2023-03-23
5906035,81,2,740,-41.054,37.236,2021-07-19
5906035,119,2,340,-42.435,56.37,2022-08-04
5906035,54,1,660,-36.722,30.323,2020-10-21
5906035,80,0,740,-40.84,36.489,2021-07-09
5906035,143,1,380,-45.6089,86.4737,2023-04-02
5906035,71,1,260,-37.495,25.706,2021-04-10
5906035,63,2,260,-39.384,27.264,2021-01-19
5906035,120,1,420,-43.685,57.892,2022-08-14
5906035,53,1,700,-36.421,30.445,2020-10-11
5906035,128,1,420,-44.603,74.427,2022-11-02
5906035,64,0,700,-39.055,26.887,2021-01-29
5906035,72,2,300,-38.097,28.768,2021-04-20
6901646,9,2,780,59.46937333333333,-38.53411666666667,2014-06-28
6901646,21,1,420,60.49313,-37.02815666666667,2014-07-22
6901646,63,0,500,62.040685,-32.48592333333333,2015-01-27
4901803,34,1,340,69.5888855,-60.401536,2016-08-11
4901803,35,2,380,69.64486066666667,-60.54279066666666,2016-08-12
4901803,96,2,300,70.83035383333332,-61.87530366666667,2016-10-27
4901803,93,1,300,70.62002466666667,-61.83587183333334,2016-10-18
4901803,7,2,380,69.32330449999999,-60.71839016666666,2016-07-15
5904659,101,1,220,-49.469,36.139,2018-11-08
5904659,17,1,460,-57.057,-42.573,2016-06-21
5906573,11,2,380,-12.1339,-108.3066,2023-04-05
6901769,123,1,220,38.879661666666664,10.875473333333334,2016-12-06
6901657,56,1,260,41.07637833333333,7.851228333333333,2019-06-05
5904673,51,2,340,-55.936,-146.963,2017-09-25
5904673,48,1,260,-56.118,-149.461,2017-08-26
5904673,50,1,260,-55.714,-147.151,2017-09-15
5904673,90,1,220,-63.513,-113.035,2018-10-20
5904673,33,1,220,-58.587,-159.074,2017-03-29
5904673,34,1,300,-58.049,-158.759,2017-04-08
5904673,57,0,220,-57.698,-135.241,2017-11-24
5904673,89,1,300,-62.923,-112.884,2018-10-10
5904673,26,0,380,-59.078,-163.456,2017-01-18
5904673,12,0,380,-60.009,-167.363,2016-08-30
5904673,53,1,220,-55.72,-146.06,2017-10-15
5904673,80,2,300,-62.918,-120.46,2018-07-12
5904673,19,0,300,-58.481,-166.924,2016-11-09
5904673,83,1,420,-63.557,-119.683,2018-08-11
5904673,11,1,380,-60.139,-167.632,2016-08-20
5904673,105,1,260,-59.843,-117.221,2019-02-19
5904673,21,0,220,-58.297,-165.583,2016-11-29
5904673,9,1,380,-60.306,-168.42,2016-07-31
5904673,55,1,260,-56.43,-142.169,2017-11-04
1902455,30,1,380,1.4127,63.8903,2024-03-17
1902455,45,1,260,2.4899,70.0551,2024-08-15
1902455,43,1,380,2.2444,68.3583,2024-07-26
1902455,36,0,420,3.401,64.2329,2024-05-16
1902455,44,0,340,1.8874,69.2189,2024-08-05
1902455,7,1,380,1.3753,67.1556,2023-08-01
1902455,20,0,340,2.6921,65.7695,2023-12-08
5905555,33,0,380,-55.972833333333334,153.11973,2024-02-12
5905071,38,1,380,-43.979,77.701,2018-12-21
5905071,39,0,340,-44.083,77.524,2018-12-31
5905071,23,1,820,-43.124,71.446,2018-07-23
5906444,13,0,540,-51.3871,-154.2584,2023-03-31
5906444,52,1,500,-51.1183,-121.1502,2024-04-20
5906244,18,1,260,-32.896,-0.508,2020-09-17
5906207,166,0,500,-51.76,146.347,2024-09-05
5906207,100,1,340,-47.162,97.637,2022-10-28
5906207,77,1,420,-50.014,86.115,2022-03-06
5906207,76,1,260,-51.101,85.53,2022-02-24
5906207,131,1,420,-54.213,131.424,2023-09-11
5906207,80,1,260,-51.107,88.778,2022-04-06
7901098,36,0,300,6.9113,-173.1987,2024-09-23
5906213,93,1,300,-41.543,-48.138,2022-07-14
5906213,120,1,380,-38.874,-35.606,2023-04-21
6901485,178,0,260,52.09343666666667,-50.157621666666664,2016-02-28
6901485,46,1,340,61.946275,-37.23116666666667,2014-02-24
6901485,3,1,700,62.99895166666667,-30.141181666666668,2013-06-19
6901485,26,0,580,63.60606333333333,-31.853358333333333,2013-09-12
5904846,101,0,380,-38.27,136.438,2020-10-12
5904179,126,1,220,-56.218,-133.396,2017-10-07
5904179,74,1,420,-55.318,-168.111,2016-04-18
5904179,158,0,220,-61.969,-118.312,2018-09-02
5904179,123,1,220,-56.066,-141.335,2017-09-06
5904179,132,0,220,-57.666,-130.447,2017-12-08
5904179,130,2,220,-57.588,-130.374,2017-11-17
5904179,114,1,340,-54.255,-157.857,2017-06-04
5904179,54,1,260,-56.261,-166.997,2015-09-25
5906438,32,1,220,43.89,-47.83,2022-03-18
5906438,47,1,380,41.702,-45.845,2022-08-16
5906438,86,1,220,43.644,-48.416,2023-09-13
5906438,36,1,220,42.658,-49.146,2022-04-27
5906438,84,1,220,43.726,-47.208,2023-08-23
5906438,51,1,420,43.48,-43.255,2022-09-26
5906438,39,1,620,41.305,-48.477,2022-05-28
5906438,90,1,380,42.026,-49.624,2023-10-23
5906438,49,1,260,42.382,-46.124,2022-09-05
5906438,82,1,300,43.734,-46.028,2023-08-03
5906438,52,1,660,43.713,-41.796,2022-10-06
5906438,44,1,420,42.124,-46.515,2022-07-17
5903586,118,0,300,13.586,49.047,2013-08-15
5903586,54,1,220,19.508,58.724,2012-09-17
5903586,170,1,340,13.773,50.173,2014-05-12
5903586,55,1,220,18.736,58.39,2012-09-22
5904984,51,1,300,-58.611,-40.922,2018-05-14
5904984,32,0,340,-58.758,-45.718,2017-11-05
5904984,19,1,380,-58.01,-51.901,2017-06-28
5904984,62,2,300,-58.49,-37.407,2018-09-01
5904984,46,0,300,-59.247,-43.441,2018-03-25
5904984,80,0,340,-58.5,-32.739,2019-02-28
5904984,24,1,900,-57.578,-48.737,2017-08-17
5904984,35,2,300,-58.712,-44.271,2017-12-05
5905556,69,1,340,-53.8801,176.17909166666666,2024-09-12
5905556,25,1,220,-56.19245833333333,154.161205,2024-01-05
3902554,37,1,300,-37.5826,39.5413,2024-09-12
5906544,1,3,260,-63.3841,-88.3052,2022-11-21
5905079,61,0,380,-56.493,-86.484,2018-10-22
5905079,23,1,500,-54.892,-107.665,2017-10-03
5905079,33,1,700,-55.911,-105.921,2018-01-12
5905079,59,0,420,-57.979,-88.081,2018-10-02
5905079,62,1,540,-57.131,-85.577,2018-11-01
5905079,87,1,420,-51.66,-52.544,2019-07-11
5905079,31,1,420,-57.389,-109.931,2017-12-23
5905079,92,2,380,-52.932,-52.215,2019-08-30
1902454,10,0,260,3.8498,65.7732,2023-09-01
1902454,40,0,220,4.5614,55.9738,2024-06-27
1902454,32,1,300,2.9053,60.0211,2024-04-08
1902454,3,0,220,3.5362,65.7434,2023-06-23
1902454,39,0,260,4.5369,56.5569,2024-06-17
1902454,25,0,300,2.4554,62.2341,2024-01-29
1902454,44,1,380,2.7287,54.496,2024-08-06
1902454,34,1,260,3.4918,58.5797,2024-04-28
5906970,32,0,500,-9.882064833333336,57.5960145,2023-08-01
6903825,32,1,740,41.10160333333334,18.400411666666667,2023-05-03
5906238,48,1,540,1.949,178.833,2021-07-16
5906238,120,1,700,1.803,-176.794,2023-07-09
5906238,53,0,300,1.372,-179.938,2021-09-04
5904473,57,3,420,-46.312,58.272,2016-08-28
5904473,59,1,340,-45.621,56.04,2016-09-17
5905970,67,1,300,5.183,-179.765,2020-05-26
2903454,1,1,340,-64.1475,141.8007,2023-04-02
3902122,280,1,220,10.764968333333334,-25.364886666666667,2021-04-11
5906220,31,1,420,-49.416,88.079,2020-11-25
5906220,46,1,300,-50.967,95.607,2021-04-29
5906220,62,1,420,-49.62,101.406,2021-10-11
5906209,19,1,500,-44.674,72.36,2020-07-13
5906209,12,1,340,-44.877,58.806,2020-05-02
5906209,18,1,420,-44.469,69.85,2020-07-03
5906209,64,1,260,-46.114,100.758,2021-10-17
5906226,56,1,820,-56.045,-43.791,2021-08-22
5906226,68,1,940,-57.972,-37.771,2021-12-24
5906226,43,1,860,-59.414,-51.672,2021-04-08
5906226,47,1,860,-59.265,-48.918,2021-05-20
5906226,60,3,660,-57.013,-43.054,2021-10-02
5906226,75,0,740,-57.404,-31.539,2022-03-07
5906226,52,1,460,-57.412,-46.931,2021-07-11
5905996,26,1,220,-50.565,15.771,2019-08-30
5905971,115,0,700,1.856,159.449,2021-09-27
5905971,137,0,300,0.409,158.837,2022-05-12
2903466,6,2,380,1.5689,82.0844,2023-08-23
2903466,8,0,220,2.0788,81.0894,2023-09-12
5906576,50,0,540,-19.7697,-110.6176,2024-05-17
5906576,40,0,540,-19.7973,-110.7458,2024-02-04
5906540,38,1,260,-9.2402,44.6128,2023-10-31
5906540,62,0,380,-11.7293,46.6269,2024-06-27
5906033,63,0,300,-66.99519051253645,15.613284595904291,2020-12-30
5905080,26,1,420,-64.45706301892608,-122.37180706715208,2017-10-30
5904479,95,1,540,53.071,-22.164,2015-05-23
5904479,16,1,220,52.53,-28.326,2014-04-02
5904479,29,1,260,52.546,-23.385,2014-06-09
5904479,32,1,300,53.71,-22.555,2014-06-25
5904479,81,1,500,53.21,-15.667,2015-03-10
5904479,22,1,380,52.556,-24.519,2014-05-04
5904479,17,1,300,52.647,-27.692,2014-04-07
5904479,19,1,340,53.432,-26.611,2014-04-18
5904479,40,1,460,52.613,-21.019,2014-08-06
5904479,39,3,380,53.354,-21.557,2014-08-01
5904479,18,2,260,53.082,-27.251,2014-04-12
5904479,87,1,500,51.757,-19.911,2015-04-11
5904479,89,0,380,51.908,-21.111,2015-04-21
5904479,51,1,580,52.952,-15.918,2014-10-03
5906310,10,1,220,-41.585,-149.849,2021-04-13
5906310,37,1,260,-37.962,-150.919,2022-01-08
5906310,8,1,220,-41.899,-149.871,2021-03-24
5906539,55,0,260,-7.8866,75.7093,2024-04-25
5906539,13,0,420,-5.231,61.355,2023-03-02
5905073,22,1,220,-49.781,79.054,2017-07-06
5905073,50,1,500,-49.614,96.027,2018-04-12
5905073,29,1,540,-50.703,86.526,2017-09-14
5905073,30,1,220,-49.124,87.494,2017-09-24
5905073,37,1,220,-48.514,87.141,2017-12-03
5905073,27,1,380,-50.979,84.111,2017-08-25
5905073,41,1,420,-48.464,86.01,2018-01-12
5905073,31,1,420,-48.869,88.07,2017-10-04
5906581,45,1,420,-60.3559,178.1322,2024-04-12
5906044,23,2,340,4.394,-123.784,2020-02-03
5906044,40,1,300,4.077,-123.684,2020-04-30
5906044,81,1,300,4.568,-119.086,2020-11-28
5906044,199,1,260,4.987,-115.685,2022-08-01
5906044,20,0,340,4.062,-123.793,2020-01-18
5906044,116,0,260,4.246,-116.526,2021-05-28
5906044,19,2,340,3.889,-123.87,2020-01-13
2903453,44,1,420,-51.0826,156.8637,2024-06-16
5904688,157,1,340,-61.921,-169.837,2020-08-04
5904688,77,1,340,-52.494,148.678,2018-04-30
5904688,68,1,340,-50.013,139.774,2018-01-28
5904688,74,0,420,-53.157,151.073,2018-03-31
5904688,75,1,500,-52.203,148.541,2018-04-10
5904688,12,0,340,-47.423,110.104,2016-06-27
5906249,56,1,220,-39.307,7.025,2021-10-13
5906249,93,1,220,-40.623,10.582,2022-10-29
5906249,55,1,260,-39.442,6.842,2021-10-03
5906249,58,0,300,-39.206,6.166,2021-11-03
6902737,90,2,420,-49.395318333333336,76.34043333333334,2017-05-07
6902737,196,1,340,-53.70534,89.19604333333334,2018-02-24
6902737,137,1,220,-49.871015,82.97187666666667,2017-10-29
6902737,190,2,460,-53.11546833333333,89.42418,2018-02-12
6902737,193,1,500,-53.663473333333336,90.35987,2018-02-18
6902737,186,1,300,-53.31572333333333,86.36084166666667,2018-02-04
6902737,136,0,220,-49.682633333333335,82.46526166666666,2017-10-27
6902737,119,1,220,-50.82033,81.33647,2017-09-19
6902737,187,1,260,-53.018155,87.139355,2018-02-06
6902737,138,1,260,-50.175243333333334,83.25645166666666,2017-10-31
2903854,26,0,220,-31.2366,114.0233,2024-04-05
2903467,10,0,380,-10.2543,88.7859,2023-10-06
2903467,4,0,380,-9.5742,91.0199,2023-08-07
2903467,6,0,380,-9.809,90.6968,2023-08-27
2903467,29,0,380,-10.0245,91.6955,2024-04-13
2903467,3,0,340,-9.7697,91.1542,2023-07-28
2903467,5,0,380,-9.6617,90.9212,2023-08-17
2903467,37,0,300,-9.861,91.9621,2024-07-03
5905553,113,1,220,-39.695519999999995,149.96684833333333,2024-07-03
5906248,29,1,620,-58.0843,-50.7351,2023-08-28
5906248,28,1,700,-58.2515,-52.5826,2023-08-17
5906248,34,1,460,-57.2529,-45.064,2023-10-19
5906248,22,1,380,-59.4699,-57.3006,2023-06-16
5906248,65,1,300,-50.496,-41.488,2024-09-06
6904241,35,1,220,57.299875500000006,-44.6034945,2023-04-25
6904241,17,0,340,57.316112833333335,-46.974659,2022-10-28
6904241,33,0,260,57.32813566666667,-43.740898,2023-04-05
5906509,34,0,260,-61.549,-177.8654,2023-12-08
5905076,1,1,420,-57.178,-126.307,2017-02-22
5905076,62,0,420,-58.893,-88.25,2018-10-29
5905076,6,1,500,-57.786,-124.063,2017-04-13
5905076,132,0,340,-47.956,-50.183,2020-10-02
5905076,91,0,420,-55.375,-55.946,2019-08-17
5905076,58,1,220,-56.822,-91.126,2018-09-19
5905076,89,1,300,-56.081,-63.065,2019-07-28
5905076,19,1,500,-54.203,-112.563,2017-08-22
5905076,45,0,220,-56.845,-99.035,2018-05-11
5905076,35,0,260,-58.493,-104.586,2018-01-30
5905076,31,0,540,-56.405,-108.068,2017-12-21
5905076,64,0,540,-59.152,-86.069,2018-11-18
5905076,141,0,220,-46.764,-53.279,2020-12-31
5905076,144,2,260,-47.93,-51.408,2021-01-30
5905076,81,1,420,-57.579,-73.902,2019-05-08
5905076,48,1,420,-56.953,-94.162,2018-06-11
5905076,75,1,540,-59.452,-76.862,2019-03-09
5905985,32,0,220,-40.988,-34.299,2019-09-01
7900562,198,0,260,39.80266260433896,5.471308483805744,2022-05-02
5906546,48,1,420,-54.0565,-137.3497,2024-03-31
5906546,1,1,700,-48.102,-175.641,2022-12-04
5906546,44,1,540,-52.7471,-140.9072,2024-02-19
5906546,51,0,420,-54.1691,-132.3153,2024-05-01
5906307,51,0,260,-38.832,-144.871,2022-05-26
5906308,131,0,420,-36.6821,-76.5736,2024-06-24
5906489,67,0,300,-36.166,-51.351,2023-12-28
5904188,158,1,660,-52.07,-122.786,2017-08-25
5904188,8,1,420,-52.008,-142.826,2014-05-22
6902550,89,0,340,70.74,5.463,2016-01-17
6902550,190,1,260,76.196,-1.155,2017-06-07
6902550,188,1,380,76.483,-1.576,2017-05-28
6902550,108,0,540,72.038,4.273,2016-04-21
6902550,178,1,580,77.449,0.343,2017-04-08
6902550,171,1,420,77.44,2.901,2017-03-03
6902550,222,1,540,75.419,-8.71,2017-11-14
6902550,223,1,540,75.157,-9.874,2017-11-19
6902550,104,2,660,71.879,5.364,2016-04-01
6902550,97,0,380,71.516,7.156,2016-02-26
6902550,102,0,380,72.036,5.483,2016-03-22
6902550,50,1,740,71.504,6.466,2015-07-06
5906235,78,1,420,0.518,-159.231,2022-05-03
5906235,107,1,340,0.537,-179.284,2023-02-18
5906235,85,1,220,1.347,-169.177,2022-07-13
5906476,11,2,260,5.081,-137.374,2022-03-16
5906003,20,0,540,-57.241,-44.678,2019-09-10
5906003,10,1,980,-57.95,-51.321,2019-06-01
6903554,82,0,420,64.24883,-6.82468,2020-05-03
5904693,76,0,220,-51.231,-146.844,2018-07-06
5904693,129,1,300,-54.34540788282936,-141.73385501256638,2019-05-28
5904693,139,1,860,-56.303,-124.669,2019-09-08
5904693,128,1,220,-53.94,-142.095,2019-05-17
5904693,143,1,260,-55.955,-113.775,2019-10-19
5905372,100,1,260,-57.227,-151.5,2020-10-18
5905372,71,1,220,-61.36,-174.789,2019-12-31
5905372,28,1,220,-51.651,141.696,2018-10-25
5905372,32,0,220,-53.536,148.192,2018-12-04
5905372,47,0,340,-59.292,169.212,2019-05-04
5905105,35,0,540,-32.576,-72.052,2018-09-02
5905105,88,1,500,-38.82,-75.698,2020-02-13
5905105,89,1,500,-38.536,-76,2020-02-23
6901771,143,1,380,36.782988333333336,17.18542,2017-03-30
5904854,144,1,380,-46.01,34.169,2020-12-07
5904854,32,0,220,-46.925,-54.79,2017-11-04
5904854,11,1,420,-53.409,-53.355,2017-04-07
5904854,22,1,380,-43.583,-58.868,2017-07-26
5904185,146,1,260,-61.915,-81.609,2018-05-14
5904185,58,1,300,-59.678,-108.91,2015-11-17
5904185,73,1,260,-61.451,-104.202,2016-04-20
5904185,36,2,420,-60.297,-119.544,2015-04-04
5904185,149,2,420,-60.173,-74.221,2018-06-14
5904185,53,0,300,-60.481,-114.406,2015-09-26
5904185,161,0,380,-54.077,-50.821,2018-10-15
5904185,71,2,300,-61.286,-103.49,2016-03-30
5904185,57,0,380,-60.289,-109.255,2015-11-07
5904185,72,2,220,-61.561,-103.715,2016-04-09
5904185,136,0,420,-61.652,-83.391,2018-01-30
5904185,126,0,260,-62.017,-95.611,2017-10-19
5904185,44,0,420,-62.647,-114.284,2015-06-25
5904185,157,0,220,-57.327,-57.653,2018-09-04
5904185,124,0,420,-61.248,-96.722,2017-09-29
6901773,189,1,260,33.486576666666664,33.327263333333335,2018-03-03
6902545,146,0,300,68.999,-5.797,2018-01-16
6902545,141,0,420,69.967,-2.785,2017-11-27
6902545,135,0,340,72.158,1.931,2017-09-27
6902545,134,0,700,71.558,1.884,2017-09-16
6902545,109,0,420,71.259,9.829,2017-01-09
6902545,17,0,220,71.654,-0.154,2014-07-03
6902545,203,0,220,67.707,2.295,2019-08-11
6902545,126,0,460,71.042,8.202,2017-06-28
6902545,195,1,220,67.572,5.967,2019-05-23
6902545,74,1,220,68.903,0.65,2016-01-24
5906635,65,0,220,-38.704768333333334,161.70359833333333,2022-09-12
5906635,16,0,260,-35.56023833333333,152.32391666666666,2021-06-09
5906635,86,1,500,-40.69666833333333,167.03701833333332,2023-04-10
5903887,26,0,420,75.86,-1.969,2012-12-27
5903887,76,0,220,74.673,-7.176,2013-09-12
6901578,222,0,380,-47.14562333333333,95.36900833333333,2017-09-15
6901578,92,0,420,-43.573478333333334,40.58871166666667,2016-03-01
6901578,322,0,380,-49.448031666666665,124.04531,2018-09-30
3901497,190,0,740,-33.77298,-13.16791,2017-01-04
3901497,260,0,260,-32.174345,-20.253543333333333,2017-11-25
5904980,80,0,660,-58.028,-39.946,2019-03-15
5904980,88,0,500,-57.905,-34.62,2019-06-05
6902549,32,1,340,71.128,-3.41,2015-04-06
6902549,2,1,420,72.66,1.495,2014-08-08
6902549,48,1,420,68.281,-6.602,2015-06-25
6902549,221,0,780,71.862,5.765,2017-11-06
6902549,72,0,220,63.981,-4.231,2015-10-23
6903874,103,0,820,-1.4877216666666666,-0.7486116666666667,2023-08-31
5903592,63,0,340,72.128,-13.189,2012-07-10
5906560,52,2,460,-55.5854,-51.8731,2024-06-22
4903365,17,0,220,57.65,-40.874,2022-01-20
6901775,69,1,300,36.25190333333333,21.943571666666667,2019-05-31
6901775,120,0,220,36.615253333333335,22.11169,2020-01-19
6901775,144,1,380,36.58143833333333,21.576956666666668,2020-04-16
6901775,112,0,260,36.49461,22.11152166666667,2019-12-26
6901775,201,1,300,37.07260333333333,20.932811666666662,2021-05-20
5906541,56,0,980,-39.3298,-43.6611,2024-05-29
6903549,208,0,380,70.61647166666667,-3.7523283333333337,2022-03-15
6903549,117,1,220,66.148585,-0.7626716666666666,2020-12-15
6903549,209,1,340,70.41586666666667,-4.865061666666667,2022-03-20
5905371,72,0,260,-56.581,-172.065,2020-01-09
5905371,77,1,300,-54.977,-170.121,2020-02-28
5905371,55,1,340,-56.174,164.558,2019-07-22
2903472,7,0,260,-37.0747,12.7527,2023-11-24
5906537,63,2,300,-11.854,58.838,2024-07-29
5906537,29,0,300,-10.3934,59.6534,2023-08-24
5905991,132,0,260,-57.92,-2.525,2022-09-04
5905991,140,0,420,-56.44,-1.622,2022-11-23
1902380,3,0,300,18.304,-37.694,2022-02-07
1902380,2,1,340,18.183,-37.862,2022-01-28
5906636,47,0,260,-36.31345,151.07909999999998,2022-04-04
5906206,165,1,260,-41.691,143.121,2024-08-24
5904676,25,0,260,-52.371,95.617,2016-10-07
5904676,71,2,380,-54.656,115.522,2018-02-25
5904676,148,1,500,-59.065,168.675,2020-06-21
5904676,18,1,380,-49.408,90.896,2016-07-22
6901512,100,0,220,42.532405,4.97151,2013-12-20
5904678,130,1,420,-55.266,167.086,2019-09-03
5906317,70,0,300,-60.25372368750825,-116.6895639006022,2022-12-21
5906317,71,2,260,-60.19988713336315,-116.55384570364106,2022-12-31
5906317,59,0,340,-60.742,-119.172,2022-09-01
5906317,99,0,220,-62.061,-100.482,2023-10-10
5905377,44,1,380,-59.097,168.364,2019-04-15
5905377,62,1,220,-61.038,173.148,2019-10-14
5905377,43,2,380,-58.884,166.097,2019-04-05
5905377,139,0,220,-55.506,-152.516,2021-11-28
5905377,113,0,220,-60.383,-163.827,2021-03-10
5903718,177,2,420,-61.699,-106.069,2014-09-05
5903718,133,0,420,-56.697,-126.382,2014-01-19
5906972,52,1,380,-17.228038333333334,42.856136500000005,2024-01-09
7900947,1032,0,340,-66.55409874442053,22.373667469294723,2023-10-18
6902739,239,2,540,-52.521148333333336,83.15788166666667,2018-09-11
5906303,52,1,300,3.39,176.597,2022-02-08
5906562,22,2,260,-56.9023,-56.0873,2023-08-23
5906562,4,0,420,-56.9893,-77.851,2023-02-18
5906518,1,0,300,29.954,151.336,2022-05-15
6902905,363,0,340,-49.695275,135.974295,2021-08-28
6902905,323,2,540,-45.57037166666667,119.40895166666668,2021-06-09
5906000,80,0,260,-63.928,83.265,2021-03-01
5906000,127,0,340,-60.405,90.433,2022-06-19
6902669,27,0,380,69.62709216666667,-63.409164,2017-08-23
6902669,26,0,380,69.60766166666667,-63.407396,2017-08-22
6901764,127,2,220,34.505475,29.263561666666668,2017-04-06
6901764,72,2,260,34.370875,27.939513333333338,2016-04-26
6901764,8,2,300,34.539858333333335,26.98067,2015-06-11
6903569,40,0,260,68.22987,-4.23139,2020-12-03
6903569,11,1,220,67.10981,-2.12297,2020-07-07
6903569,62,1,220,66.59833,-5.17374,2021-03-23
6903569,106,1,340,65.56252,-4.14743,2021-07-23
5904767,36,1,420,-57.58,-150.174,2017-04-21
5904767,39,0,420,-57.307,-146.602,2017-05-21
5906551,27,0,420,-50.4311,-142.5693,2023-09-16
5906470,85,0,380,19.9888,-148.2156,2024-04-08
5906212,14,1,300,-59.132,-89.856,2020-04-22
2903464,11,0,340,2.1256,82.6678,2023-10-11
2903464,8,0,300,2.9498,82.3898,2023-09-11
2903464,10,0,220,2.3085,82.5374,2023-10-01
2903464,19,0,300,2.1262,83.6082,2024-01-01
2903464,37,0,340,2.9649,81.7113,2024-07-04
2903464,36,1,340,3.2825,82.0923,2024-06-24
5906526,6,1,420,-48.462,43.385,2022-06-30
5904396,21,1,540,-55.059,-138.318,2014-07-27
5904396,1,1,340,-55.01,-150.011,2014-04-12
5904396,61,1,420,-55.148,-124.164,2015-02-27
6902548,195,1,300,70.946,3.716,2017-07-05
6902548,109,1,300,68.186,1.961,2016-04-22
6902548,187,1,500,71.885,4.006,2017-05-19
6902548,117,0,260,68.355,6.881,2016-06-01
6902548,213,1,300,71.139,-0.32,2017-10-05
5906508,16,1,300,-55.734,128.182,2022-07-16
4903488,48,1,340,53.57,-18.6747,2024-08-14
4903488,18,1,420,51.5103,-19.31,2023-10-19
5905099,91,1,300,-56.272,-131.282,2019-10-09
5905099,95,1,260,-56.96,-130.31,2019-11-18
5905099,96,1,340,-56.497,-128.764,2019-11-28
6902735,260,0,340,-53.605311666666665,92.32179166666668,2018-10-30
6902735,287,0,300,-55.778261666666666,96.35086833333334,2018-12-23
6902735,225,1,340,-51.69386,82.95692333333334,2018-07-07
6990505,74,1,580,-12.098404666666664,41.69932633333333,2024-09-17
6990505,51,1,340,-11.4924475,49.38321216666667,2024-02-06
5903593,264,1,380,-52.329,154.973,2015-12-14
4903571,15,1,340,19.9411,-22.9669,2024-07-28
5905130,143,1,380,-28.821,-7.737,2021-08-06
5905501,113,1,700,-44.838411666666666,146.89451333333332,2023-06-29
5905501,31,3,740,-44.90947,150.14707333333334,2022-05-04
6902667,29,0,340,70.466631,-61.515908499999995,2016-08-05
6902667,31,0,340,70.56265616666666,-61.5216995,2016-08-07
7900585,213,0,260,57.80533,-28.25566,2023-10-28
7900585,95,0,220,50.277061276585094,-35.90317301175651,2022-03-16
7900585,143,0,460,54.35826,-27.86775,2022-11-11
7900585,199,1,340,57.54557,-27.37477,2023-08-19
7900585,203,1,220,57.6161,-27.64629,2023-09-08
6903553,71,1,700,69.83265359999999,3.5747772,2020-04-22
6903553,91,0,820,70.95922,-0.96191,2020-08-21
6903553,107,1,420,68.735745,3.906055,2020-12-04
6901523,154,0,900,59.29947333333333,-44.943328333333334,2015-06-16
5906553,11,1,300,-56.0027,-124.5253,2023-04-12
5906553,7,1,260,-55.0358,-134.4904,2023-03-02
5906553,26,1,220,-56.3386,-116.8286,2023-09-13
2903858,28,0,460,-15.6602,-81.7259,2024-09-13
2903858,1,1,340,-16.9903,-81.0522,2023-12-11
5906569,20,1,220,-38.8798,-143.3308,2023-06-13
6902903,18,1,540,39.12736666666667,12.702751666666666,2018-08-31
5905638,184,1,260,-64.865,150.526,2023-04-05
5905134,133,1,860,-32.194,4.861,2021-05-10
1902602,63,1,460,67.731075,-4.692445,2024-03-25
1902382,46,0,380,18.6227,-31.7018,2023-04-11
4901802,10,0,380,69.50712416666667,-61.66745733333334,2016-07-18
4901802,30,0,380,69.78900983333332,-61.075612166666666,2016-08-07
4901802,5,0,420,69.525318,-61.096816,2016-07-13
4901802,16,1,820,69.64100499999999,-61.361209499999994,2016-07-24
6904118,55,1,500,-38.97374,26.73845,2022-10-01
6904118,146,1,820,-42.66641,65.78287,2024-06-18
6904118,47,1,540,-39.14792,22.76651,2022-08-07
7900560,66,0,300,18.11247,-20.00997,2020-06-25
5906507,150,0,420,36.6108,-125.2051,2023-11-03
5906312,40,0,380,-57.2114,-44.1375,2023-12-19
6903273,123,0,300,67.188,1.19,2018-10-23
6903273,49,1,220,70.058,-5.095,2016-10-09
6903273,79,1,220,63.841,-4.303,2017-07-21
6903273,205,1,260,65.405,0.567,2021-02-12
6903273,189,0,220,64.889,-0.949,2020-08-30
6903273,30,0,300,69.313,-1.18,2016-07-06
5904105,108,0,260,-64.726,151.301,2014-12-12
5905373,144,0,460,-53.798,-149.182,2022-01-06
5905373,84,0,340,-59.005,-179.943,2020-05-12
5905373,142,1,340,-53.524,-149.596,2021-12-17
5905373,153,1,340,-55.554,-142.71,2022-04-07
5905373,138,1,220,-54.854,-152.543,2021-11-07
5905373,90,1,220,-57.811,-173.12,2020-07-11
1902457,23,0,340,6.6494,65.6868,2024-01-08
6901004,122,1,540,-45.59238666666667,120.942925,2016-02-12
6901004,51,1,580,-50.270615,85.41226666666667,2015-05-14
6901004,269,1,300,-60.079285,164.98728,2017-05-29
6901004,230,0,300,-58.23719333333333,166.51441166666666,2017-01-22
6901004,139,1,380,-49.13881833333333,134.90386666666666,2016-04-13
6901004,208,0,420,-55.68474833333333,160.931285,2016-12-09
6901521,60,1,460,61.40779166666667,-50.915123333333334,2014-02-25
5904660,53,0,300,-58.428,-37.491,2017-06-29
5904660,40,0,420,-59.468,-45.334,2017-02-14
5904660,54,0,340,-57.505,-38.021,2017-07-10
6901486,133,0,540,59.041558333333334,-53.38981833333333,2015-04-30
6901486,146,0,780,58.71131,-49.69783666666667,2015-05-17
6901486,95,0,300,59.00224166666667,-48.919765,2014-09-14
6901486,66,1,380,59.03471666666667,-46.1635,2014-04-22
6901486,338,0,220,57.39749,-54.03346333333333,2017-05-31
6901486,27,1,300,64.523335,-32.502183333333335,2013-08-05
6901486,270,0,500,58.54535833333333,-51.80627166666667,2016-06-16
6901486,67,1,780,58.92681,-45.831466666666664,2014-04-27
6901768,93,1,260,37.960278333333335,19.566016666666663,2016-04-28
6901583,141,1,620,-48.823915,85.798695,2017-01-14
6901583,162,1,660,-47.5709,91.21010333333334,2017-02-25
6901583,250,1,620,-49.581365,119.332295,2018-02-06
6901583,254,1,220,-50.182451666666665,119.863215,2018-02-14
6901583,158,1,460,-48.02616666666667,91.756095,2017-02-17
6901583,211,1,300,-48.332675,106.96667833333332,2017-11-15
6901582,152,1,220,-39.33788666666667,9.781041666666669,2016-11-19
6901582,167,1,260,-40.194445,9.206076666666666,2016-12-23
2903794,37,1,220,68.8031925,-1.748436833333333,2023-11-25
2903794,70,1,260,67.4957035,-0.40809766666666664,2024-05-24
5904471,133,1,340,-66.62898037157727,5.5686733897819,2018-09-12
5904471,83,0,300,-64.936,3.752,2017-04-14
5907052,1,0,260,-64.5477,79.8829,2024-03-07
5904856,36,0,460,-59.889,-50.982,2017-12-18
5904856,18,0,700,-60.053,-56.541,2017-06-19
5904856,44,0,460,-59.543,-45.354,2018-03-08
5906511,28,1,340,34.246,155.34,2023-02-11
5906443,4,0,580,-49.7866,153.8181,2023-02-11
1902643,11,1,460,-49.7913,131.9743,2024-06-03
6903592,74,2,260,74.68157166666667,-5.334968333333333,2023-06-06
6903592,70,0,220,74.711965,-8.293408333333334,2023-05-17
6903592,71,0,580,74.83734833333334,-7.262133333333333,2023-05-22
6903592,66,0,220,75.01139,-4.8453816666666665,2023-04-27
5904765,16,0,260,-45.507,-171.95,2016-11-03
6903551,4,0,220,74.88969,-4.663473333333333,2019-06-04
6903551,10,0,620,75.36784333333334,-0.9267533333333332,2019-07-04
5906538,66,1,260,-25.8455,51.3182,2024-09-04
5905135,118,1,380,-50.367,34.755,2020-12-10
5906542,29,1,420,-60.611,-119.573,2023-09-16
5906542,62,1,380,-60.8499,-96.523,2024-08-24
5904845,21,0,220,-60.374,-85.002,2017-08-09
5904684,22,1,220,-54.866,96.138,2016-10-15
5904474,75,1,300,-36.435,13.8015,2016-07-26
6901688,63,1,260,-47.445101666666666,38.715695,2015-11-08
6901688,78,1,580,-47.51409666666667,40.44045833333333,2015-12-23
5904682,1,1,260,-50.597,90.399,2016-03-02
5904682,159,0,220,-59.607,-178.526,2020-08-23
5904682,3,1,340,-50.022,90.424,2016-03-22
5904682,25,0,380,-45.784,103.957,2016-11-06
6902904,194,1,220,34.38485166666667,26.375796666666663,2021-04-08
6902904,47,3,340,35.642846666666664,29.03218,2019-04-12
6902904,50,1,220,35.583598333333335,28.904395,2019-04-21
6902904,52,1,260,35.59995833333333,28.80107,2019-04-27
6902904,46,0,380,35.65223833333334,29.081715,2019-04-09
5904686,42,0,340,-48.938,107.501,2017-04-12
5904686,34,2,500,-48.072,101.112,2017-01-21
5904686,36,1,260,-47.993,101.627,2017-02-10
5904686,19,1,260,-52.123,93.818,2016-08-24
5904686,4,2,380,-55.142,83.829,2016-03-26
5904686,43,0,340,-49.509,107.613,2017-04-22
5904686,31,2,220,-48.556,99.785,2016-12-22
5904686,33,2,220,-48.123,100.716,2017-01-11
5904661,51,1,260,-43.079,-55.907,2017-05-29
5903274,188,0,420,51.81396655374667,-139.09804847558,2013-02-12
6902668,28,0,380,69.5475965,-60.64571566666667,2016-08-05
6902668,65,0,300,69.8607425,-61.462083,2016-09-11
5906315,28,0,540,-51.187,-135.682,2021-10-15
5906315,25,1,420,-49.727,-138.028,2021-09-15
4903532,19,1,220,60.8784,-25.0119,2023-11-01
6902953,25,0,260,67.94476133333333,-60.11448533333334,2019-07-25
6902953,12,0,260,68.39922434371927,-61.01193743644451,2019-05-10
6902953,23,0,260,67.92529966666666,-60.0670545,2019-07-23
6902953,17,0,220,67.94576116666667,-60.00792766666667,2019-07-17
6902953,20,0,260,67.962029,-59.87896416666668,2019-07-20
5906296,77,1,420,45,-128.555,2022-12-25
6902828,207,0,300,35.24450563745828,20.59445990909,2017-07-27
5904683,48,1,540,-51.614,132.004,2017-07-02
5904104,188,2,340,-62.861,179.421,2016-07-10
7901001,69,0,660,18.749536666666668,-23.62993833333333,2023-02-27
7901001,43,1,340,18.402661666666667,-21.606818333333333,2022-08-06
1902304,159,1,700,56.3245,-18.9868,2024-04-10
6903025,83,0,340,-20.929575,-176.73511333333337,2020-05-13
6903025,122,0,340,-21.609135,-177.63917166666667,2020-09-07
5905072,37,0,460,-50.182,97.648,2017-12-03
5905072,127,0,260,-57.743,-175.901,2020-02-19
5905072,86,2,300,-53.069,153.303,2019-03-20
5905072,103,0,220,-56.867,171.289,2019-08-27
5905072,48,0,500,-46.463,99.44,2018-03-14
5905072,105,1,260,-55.378,172.249,2019-09-07
5905072,89,2,260,-56.413,157.08,2019-04-19
5905072,45,0,220,-47.167,97.408,2018-02-12
5905072,143,2,420,-57.962,-176.142,2020-03-06
5906039,276,0,340,20.955,-149.884,2020-05-06
5906039,191,0,420,21.68,-151.468,2020-01-19
5905103,139,2,260,-55.69,-153.168,2021-12-01
5905103,57,1,260,-53.338,157.318,2019-08-31
5904476,26,1,260,-46.682,24.012,2015-08-16
5904476,34,0,700,-46.421,29.668,2015-11-04
5904021,84,0,300,34.02,-124.777,2014-01-23
1902453,24,0,260,-0.2538,65.1567,2024-01-17
5906472,57,1,300,16.8874,-153.142,2023-07-14
6901770,61,0,220,34.490925,26.05234,2016-02-21
5906035,2,0,300,-34.595,26.544,2019-05-20
5906035,136,0,380,-46.077,82.814,2023-01-21
5906035,19,0,380,-40.138,24.946,2019-11-06
5906035,137,2,300,-48.015,84.512,2023-01-31
5906035,43,0,860,-37.407,31.658,2020-07-03
5906035,132,0,380,-45.353,78.315,2022-12-12
5906035,48,0,500,-37.696,31.543,2020-08-22
5906035,129,0,300,-45.514,74.5,2022-11-12
6901646,62,0,620,61.960593333333335,-32.131078333333335,2015-01-25
6901646,67,0,500,62.20339666666667,-31.464205,2015-02-04
6901769,138,0,340,38.97482333333333,10.226271666666667,2017-03-21
6901769,64,0,220,38.570385,9.618343333333334,2016-02-15
6901769,62,0,220,38.63384,9.663843333333332,2016-02-09
6901769,63,0,220,38.62889666666667,9.644925,2016-02-12
6901657,55,0,340,40.908321666666666,7.798458333333333,2019-05-29
5904673,39,0,220,-57.534,-154.649,2017-05-28
5904673,106,2,260,-59.828,-117.247,2019-02-20
5904673,35,1,300,-57.528,-158.646,2017-04-18
5904673,20,0,220,-58.338,-166.31,2016-11-19
5904673,46,1,260,-55.717,-151.072,2017-08-06
5904673,99,0,220,-60.853,-116.632,2019-01-18
5904673,64,0,500,-59.845,-131.465,2018-02-02
5904673,10,0,220,-60.265,-167.901,2016-08-10
5904673,41,2,260,-56.425,-154.654,2017-06-17
5904673,88,1,260,-62.697,-115.027,2018-09-30
2903463,8,0,220,3.0539,-99.6444,2023-08-05
2903463,40,2,340,3.0472,-98.0154,2024-06-22
2903463,7,2,220,3.5111,-99.9227,2023-07-26
5905071,84,0,940,-38.085,86.035,2020-03-25
5905071,34,0,300,-45.703,74.555,2018-11-11
5905071,35,1,260,-46.349,76.016,2018-11-21
5905071,43,1,460,-43.962,77.709,2019-02-09
5905071,9,0,500,-40.427,59.238,2018-03-05
5905071,25,2,900,-43.368,70.961,2018-08-12
6903828,20,1,220,36.069295,21.855071666666667,2023-03-16
5906213,66,0,460,-55.721,-61.262,2021-10-07
5906293,70,0,260,46.966,-127.122,2022-03-18
5906293,12,1,260,45.278,-127.194,2020-11-13
5906293,93,1,300,47.411,-126.463,2022-11-03
6901485,101,1,460,62.765593333333335,-57.78631333333333,2015-01-25
5904846,63,1,220,-39.355,138.059,2019-09-29
5904179,122,1,220,-54.96,-146.383,2017-08-26
5904179,138,1,500,-58.503,-120.152,2018-02-08
5904179,128,0,340,-56.394,-131.734,2017-10-28
5904179,106,1,260,-54.562,-162.928,2017-03-14
5906438,43,1,860,41.379,-46.227,2022-07-07
5904984,59,0,500,-58.415,-39.967,2018-08-02
5904984,17,2,340,-56.914,-52.748,2017-06-08
5904984,50,0,620,-58.468,-41.08,2018-05-04
5904984,61,1,660,-58.626,-38.74,2018-08-22
5904984,18,1,300,-58.162,-53.683,2017-06-18
5904984,25,3,940,-57.331,-46.123,2017-08-27
5904984,15,1,460,-56.251,-57.609,2017-05-18
5904984,31,0,460,-59.142,-46.242,2017-10-26
5904984,70,0,420,-57.728,-37.266,2018-11-20
5904984,69,0,420,-57.572,-37.408,2018-11-10
5906544,4,0,220,-63.847,-85.1311,2022-12-22
5905079,72,0,420,-59.174,-70.563,2019-02-10
5905079,74,0,260,-59.552,-66.68,2019-03-02
5905079,101,0,660,-53.058,-56.227,2019-11-29
1902454,47,0,220,3.0234,56.7168,2024-09-05
1902454,24,0,300,2.9426,63.2357,2024-01-19
1902454,33,1,340,3.144,59.1798,2024-04-18
3902122,219,0,220,10.049968333333334,-26.471813333333333,2020-06-10
3902122,281,1,260,10.686248333333332,-25.525328333333334,2021-04-16
5906220,76,1,220,-49.787,107.864,2022-03-04
5906220,24,0,420,-48.575,84.074,2020-09-14
5906220,77,1,260,-50.412,109.069,2022-03-15
5906220,51,1,420,-50.74,99.348,2021-06-20
5906220,61,1,220,-49.672,102.583,2021-10-01
5906220,37,1,460,-50.893,97.644,2021-01-26
5906209,15,1,460,-45.655,64.329,2020-06-02
4903462,3,0,220,8.233,-49.163,2022-11-25
5906226,107,0,860,-57.083,-20.615,2023-02-04
5906226,31,0,220,-60.319,-53.778,2020-12-05
5905996,34,0,220,-51.07,20.183,2019-11-18
7900561,80,0,300,18.04096,-18.80023,2020-08-27
2903466,4,4,340,1.2436,84.0185,2023-08-03
5905505,86,1,220,-41.33900833333333,157.0556816666667,2022-10-03
5906576,46,0,540,-19.9899,-110.4476,2024-04-06
5906033,139,0,420,-65.79,13.501,2023-02-04
5906033,3,1,220,-65.639,28.516,2019-05-09
5904672,60,0,220,-55.451,-145.262,2017-12-20
5904468,70,0,420,-66.235,4.378,2016-12-30
5904468,36,0,420,-63.879,2.773,2016-01-15
5904468,90,1,340,-65.39,0.61,2017-07-24
5904468,64,1,220,-66.058,4.428,2016-10-29
5904468,96,1,420,-64.938,0.426,2017-09-24
5905073,44,3,380,-49.165,89.285,2018-02-11
5905073,92,0,340,-53.723,125.039,2019-06-06
5905073,39,1,260,-49.078,86.005,2017-12-23
5905073,28,1,220,-50.776,86.664,2017-09-04
5905073,48,1,260,-50.835,93.293,2018-03-23
5905073,61,1,340,-50.875,107.238,2018-08-01
5905073,45,0,580,-49.532,89.73,2018-02-21
5905073,94,1,300,-54.204,125.717,2019-06-26
5905073,43,1,220,-49.003,88.332,2018-02-01
5905073,25,1,380,-50.242,82.006,2017-08-05
5905073,97,1,380,-55.286,126.724,2019-07-26
5905073,15,0,300,-46.253,73.206,2017-04-26
6902967,2,0,300,69.48525083333334,-61.058838,2019-07-15
5904688,106,2,220,-59.337,176.601,2019-02-24
5904688,81,1,260,-53.818,153.589,2018-06-11
5904688,84,1,260,-56.896,158.425,2018-07-12
5906249,120,1,660,-37.978,16.025,2023-08-04
3902556,2,0,660,-13.3505,-80.9491,2023-12-20
2902092,52,0,340,18.943268347413316,64.60474314635653,2014-04-19
6904241,15,0,420,57.38087466666666,-47.9144545,2022-10-08
5906509,32,0,540,-61.906,-175.8882,2023-11-18
6901514,34,1,460,62.967101666666665,-23.214075,2013-06-15
5905076,69,0,420,-59.342,-82.013,2019-01-08
5905076,99,1,300,-52.99,-53.355,2019-11-06
5905076,105,0,460,-50.864,-53.777,2020-01-05
7900562,194,1,260,39.93646191374419,5.514886001068677,2022-04-12
6901649,172,3,260,41.30289166666667,3.797048333333333,2016-05-05
5906308,36,0,580,-42.545,-80.594,2021-10-21
5906489,36,2,460,-36.487,-50.26,2023-02-12
5904188,13,1,380,-51.319,-140.051,2014-06-18
5906491,59,1,420,-28.995,-16.168,2023-10-19
6902550,139,1,420,74.298,8.849,2016-09-23
6902550,199,0,340,75.87,0.689,2017-07-22
6902550,225,1,700,74.555,-12.469,2017-11-29
6902550,180,1,620,76.454,2.551,2017-04-18
6902550,227,1,540,74.12,-13.907,2017-12-09
6902550,151,0,500,75.26890378842296,6.848911806054363,2016-11-23
6903554,66,1,220,66.78088,-5.93137,2020-02-13
5905372,99,0,220,-57.537,-151.781,2020-10-08
5905372,105,0,300,-57.318,-146.16,2020-12-08
5905372,55,1,380,-61.156,173.094,2019-07-24
6901771,98,2,260,35.23445,17.885483333333333,2016-06-14
6901771,118,2,300,35.86343333333333,16.97048,2016-10-06
5904854,47,2,340,-47.852,-34.316,2018-04-04
5904185,152,1,380,-59.232,-67.98,2018-07-14
5904185,121,2,220,-60.347,-101.784,2017-08-29
5904472,101,2,260,-69.293,-29.491,2017-11-13
6901773,4,2,380,33.51360833333333,28.287563333333335,2015-05-25
6902545,193,0,300,67.751,7.224,2019-05-03
6902545,31,0,740,71.258,7.992,2014-11-20
6902545,7,0,260,70.601,5.775,2014-03-25
6902545,158,0,220,63.655,-7.173,2018-05-18
6902545,133,0,820,71.6,3.139,2017-09-06
6903550,71,0,300,68.92847,8.718343333333333,2020-04-30
6904240,28,1,420,58.27875533333333,-50.52053833333333,2023-01-29
6904240,30,0,380,57.49591866666666,-50.62123533333333,2023-02-18
6904240,7,0,940,58.36635033333334,-49.193507333333336,2022-07-03
5904766,137,0,300,-58.885,-96.611,2020-02-07
5904766,100,0,300,-59.73,-103.196,2019-02-02
5904766,52,2,340,-57.256,-157.807,2017-10-08
5904766,74,0,700,-55.001,-135.346,2018-05-17
5904766,96,0,460,-59.017,-106.636,2018-12-24
5904766,45,1,260,-56.541,-161.107,2017-07-30
5904766,138,1,380,-58.565,-96.813,2020-02-17
5904766,69,1,340,-55.437,-138.046,2018-03-28
5904766,131,2,460,-57.472,-99.789,2019-12-09
5904766,71,2,540,-56.855,-137.109,2018-04-17
5904766,55,0,420,-55.419,-155.323,2017-11-08
5904766,24,0,260,-57.848,-163.546,2017-01-01
5904766,92,0,380,-58.82,-109.213,2018-11-13
5904766,3,1,300,-54.693,-170.124,2016-06-05
5904766,84,1,220,-55.347,-114.132,2018-08-25
5904766,121,2,220,-58.488,-103.905,2019-08-31
5904766,49,0,420,-56.326,-158.378,2017-09-08
5904766,9,0,380,-56.599,-169.503,2016-08-04
5904766,83,1,420,-56.07,-115.385,2018-08-15
5904766,107,1,420,-58.253,-103.172,2019-04-13
5904766,88,2,300,-57.417,-112.79,2018-10-04
5904766,82,1,500,-57.045,-116.932,2018-08-05
5904766,37,0,380,-54.408,-163.737,2017-05-11
2903456,30,1,700,-53.8458,-141.9022,2024-04-03
6903555,78,1,220,74.90588,-2.97977,2020-04-28
6903555,79,0,220,75.39878,-3.59762,2020-05-03
6903555,37,1,220,75.12252,-2.02752,2019-10-18
4903456,30,1,220,39.81,-61.2731,2023-06-28
5906316,99,0,220,-44.632,-122.443,2023-10-01
1902593,48,1,260,-50.68774416666667,92.982027,2024-04-25
1902593,46,1,220,-50.86026449999999,89.45137866666667,2024-04-05
1902593,53,1,260,-50.872047499999994,92.62599816666668,2024-06-14
1902593,54,1,460,-49.80592016666666,95.54223,2024-06-24
1902593,21,1,620,-48.2073295,75.40187066666667,2023-07-30
6902544,2,1,340,64.866,0.893,2013-11-27
6902544,12,1,420,68.624,6.899,2014-03-11
6902544,43,1,500,75.138,6.552,2015-01-18
6901774,85,0,340,38.76221666666667,7.20966,2020-01-05
